4512,TESTING
4512,ADDED_OK
4513,TESTING
4513,ADDED_OK
4514,TESTING
4514,ADDED_OK
4515,TESTING
4515,ADDED_OK
4516,TESTING
4516,ADDED_OK
4517,TESTING
4517,ADDED_OK
4518,TESTING
4518,ADDED_OK
4519,TESTING
4519,ADDED_OK
4520,TESTING
4520,ADDED_OK
4521,TESTING
4521,ADDED_OK
4522,TESTING
4522,ADDED_OK
4525,TESTING
4525,ADDED_OK
4526,TESTING
4526,ADDED_OK
4527,TESTING
4527,ADDED_OK
4551,TESTING
4551,ADDED_OK
4552,TESTING
4552,ADDED_OK
4553,TESTING
4553,ADDED_OK
4554,TESTING
4554,ADDED_OK
4555,TESTING
4555,ADDED_OK
4556,TESTING
4556,ADDED_OK
4557,TESTING
4557,ADDED_OK
4558,TESTING
4558,ADDED_OK
4559,TESTING
4559,ADDED_OK
4560,TESTING
4560,ADDED_OK
4561,TESTING
4561,ADDED_OK
4562,TESTING
4562,ADDED_OK
4563,TESTING
4563,ADDED_OK
4564,TESTING
4564,ADDED_OK
4565,TESTING
4565,ADDED_OK
4566,TESTING
4566,ADDED_OK
4567,TESTING
4567,ADDED_OK
4568,TESTING
4568,ADDED_OK
4569,TESTING
4569,ADDED_OK
4570,TESTING
4570,ADDED_OK
4571,TESTING
4571,ADDED_OK
4572,TESTING
4572,ADDED_OK
4573,TESTING
4573,ADDED_OK
4574,TESTING
4574,ADDED_OK
4575,TESTING
4575,ADDED_OK
4576,TESTING
4576,ADDED_OK
4577,TESTING
4577,ADDED_OK
0,SESSION_COMPLETE
4511,TESTING
4511,ADDED_OK
4523,TESTING
4523,ADDED_OK
4524,TESTING
4524,ADDED_OK
0,SESSION_COMPLETE
