4495,TESTING
4495,ADDED_OK
4496,TESTING
4496,ADDED_OK
4497,TESTING
4497,ADDED_OK
4498,TESTING
4498,ADDED_OK
4499,TESTING
4499,ADDED_OK
4500,TESTING
4500,ADDED_OK
4501,TESTING
4501,ADDED_OK
4502,TESTING
4502,ADDED_OK
4503,TESTING
4503,ADDED_OK
4504,TESTING
4504,ADDED_OK
4505,TESTING
4505,ADDED_OK
4506,TESTING
4506,ADDED_OK
4507,TESTING
4507,ADDED_OK
4508,TESTING
4508,ADDED_OK
4509,TESTING
4509,ADDED_OK
4510,TESTING
4510,ADDED_OK
4539,TESTING
4539,ADDED_OK
4540,TESTING
4540,ADDED_OK
4541,TESTING
4541,ADDED_OK
4542,TESTING
4542,ADDED_OK
4543,TESTING
4543,ADDED_OK
4544,TESTING
4544,ADDED_OK
4545,TESTING
4545,ADDED_OK
4546,TESTING
4546,ADDED_OK
4547,TESTING
4547,ADDED_OK
4548,TESTING
4548,ADDED_OK
4549,TESTING
4549,ADDED_OK
4550,TESTING
4550,ADDED_OK
0,SESSION_COMPLETE
0,SESSION_COMPLETE
0,SESSION_COMPLETE
0,SESSION_COMPLETE
